id_competencia;nombre;fecha_inicio;fecha_fin;lugar
114243049;Sure Tournament;2024-07-17;2025-06-12;East Michael
490804868;Quickly Tournament;2024-04-28;2025-11-06;Ronaldtown
730317498;Commercial Tournament;2024-10-23;2025-07-27;West Blakestad
378236302;Decade Tournament;2024-03-02;2025-06-23;South Sarah
386229870;Smile Tournament;2024-10-06;2025-07-22;Valentinehaven
703737337;Tonight Tournament;2024-05-30;2025-02-03;New Emilybury
511489517;New Tournament;2024-02-26;2025-10-13;West Jennifer
588529183;Effect Tournament;2024-04-09;2025-05-15;Lewisfort
588423582;Everybody Tournament;2023-11-25;2025-05-20;Grantberg
816719397;Art Tournament;2024-10-26;2024-11-24;Lake Mandyborough
621463473;Tough Tournament;2024-06-15;2025-04-20;Lake Monica
91580894;Effort Tournament;2024-03-29;2025-05-23;East Tina
488859215;Even Tournament;2024-02-28;2025-07-11;Morganchester
270202308;Source Tournament;2024-05-28;2025-02-08;South Kimberly
482818199;Medical Tournament;2024-09-02;2025-03-08;Alishaport
264464742;Ten Tournament;2024-02-14;2025-06-05;Matthewberg
296169528;Operation Tournament;2024-02-19;2025-01-21;Danaberg
947992609;Management Tournament;2024-03-10;2025-01-05;South Cynthia
599820283;Month Tournament;2024-09-03;2025-10-18;Sandersbury
198126690;Account Tournament;2024-07-25;2025-04-14;Edwardsfurt
523699816;Both Tournament;2024-11-10;2025-11-18;North Christopher
921287046;Bed Tournament;2024-08-18;2025-06-16;North Ryanbury
73168319;Fine Tournament;2024-02-05;2024-12-01;East Christopherside
722746295;Participant Tournament;2024-04-19;2025-02-05;Morenoside
245868260;Speech Tournament;2024-02-26;2025-01-03;Calderonstad
586228976;So Tournament;2024-04-16;2025-02-08;Brittneystad
223730418;Among Tournament;2024-03-04;2025-04-08;Port Erica
879028693;Discuss Tournament;2024-09-08;2025-09-24;East Brandon
942332012;Time Tournament;2024-05-26;2025-08-15;North Julia
154600250;Democratic Tournament;2024-05-07;2025-02-11;Port Amymouth
106145077;Bit Tournament;2024-09-07;2025-01-24;Rachaelside
844964282;Shake Tournament;2024-04-20;2025-03-17;Margaretmouth
77777357;Benefit Tournament;2023-11-25;2025-08-29;Gomezmouth
258303683;Down Tournament;2024-06-23;2025-02-07;Nortonview
132001595;Service Tournament;2024-08-17;2025-09-21;New Pamela
961716990;Student Tournament;2024-02-06;2025-05-18;Tiffanyview
88304974;Pressure Tournament;2024-02-25;2025-05-01;West Bradley
787989366;Window Tournament;2024-01-24;2025-06-21;Port Martinport
116666624;Political Tournament;2024-03-16;2025-01-05;West Lindsay
590219374;Since Tournament;2024-01-14;2025-01-24;East Annetteville
628398807;Will Tournament;2024-05-29;2025-01-03;Burtonfurt
495773934;Three Tournament;2024-03-29;2025-08-08;New Jeffrey
111908401;Although Tournament;2024-10-08;2025-05-14;New Stephenland
214904111;National Tournament;2024-07-22;2025-03-20;West Jennifer
507482803;Cold Tournament;2024-02-24;2025-05-24;Johnsonmouth
221015713;Everybody Tournament;2024-09-22;2024-12-19;East Jared
827620963;Community Tournament;2024-04-28;2025-02-12;Port Laurieland
659742363;Seat Tournament;2024-10-06;2025-05-20;East Dean
842494964;Set Tournament;2024-06-01;2025-02-11;East David
881999153;Husband Tournament;2024-09-07;2025-02-01;West Paul
166924140;Mean Tournament;2024-03-17;2025-11-21;North William
930777288;Nice Tournament;2024-08-09;2025-04-15;South Kevinton
903990223;Back Tournament;2024-09-28;2025-07-12;South Joseph
145315582;American Tournament;2024-06-06;2025-01-09;Sandersville
602263874;Bill Tournament;2024-08-06;2025-08-24;Ericton
211724132;Poor Tournament;2023-12-10;2025-08-02;Trujillostad
111808116;Impact Tournament;2024-08-22;2025-03-20;Kristinport
627828625;Represent Tournament;2024-04-08;2025-06-10;North Leroy
49214189;Seat Tournament;2024-09-12;2025-09-07;Charlesbury
372996773;These Tournament;2024-05-05;2025-11-06;East Daniel
122805548;Keep Tournament;2024-11-11;2025-09-15;Wallaceside
748259670;Product Tournament;2024-01-09;2025-09-23;New Karenhaven
450788480;Word Tournament;2024-04-19;2025-09-23;Hansonside
779059659;Behind Tournament;2024-06-15;2025-06-09;Port Patrickton
134367894;Them Tournament;2024-09-17;2024-12-15;Port Davidland
594787875;Before Tournament;2024-06-04;2025-07-19;Josephborough
284337039;Between Tournament;2024-09-19;2025-06-25;Nicolefort
266333504;Police Tournament;2024-07-21;2025-06-16;East Rhondaborough
109397123;Actually Tournament;2024-08-02;2025-06-26;Port Juliefort
659866144;Reveal Tournament;2024-10-24;2025-10-23;South Brian
233103620;Describe Tournament;2024-05-18;2025-05-07;Lake Megan
61593871;Place Tournament;2024-05-20;2025-06-10;Littlebury
939538041;Blood Tournament;2024-10-26;2024-12-01;Amyside
361615674;Suddenly Tournament;2024-10-18;2025-11-20;Port Michael
612779550;While Tournament;2024-10-03;2025-10-31;Lake Dianeshire
173498141;Ten Tournament;2024-10-14;2025-07-08;Port Meganside
396562907;With Tournament;2024-03-17;2025-08-05;Christopherville
972446550;Half Tournament;2024-02-13;2025-04-20;North Diana
476818870;Miss Tournament;2023-11-28;2025-02-09;New Angelaton
910668796;Cause Tournament;2024-09-19;2025-06-13;East Josephland
274890006;Could Tournament;2024-07-31;2025-11-04;Charlestown
243383957;Outside Tournament;2024-06-02;2025-01-08;Jordanview
602712209;Task Tournament;2024-04-11;2025-10-02;Douglasfort
957090000;Available Tournament;2024-02-17;2025-02-16;Nunezmouth
604976231;Public Tournament;2024-01-10;2025-07-16;Denisefurt
891260569;Power Tournament;2024-09-12;2025-08-30;Griffithmouth
567291027;At Tournament;2024-10-19;2025-05-29;North Evelyn
780552172;Example Tournament;2024-08-31;2025-01-20;Port Mallory
411476950;Off Tournament;2024-11-06;2025-08-13;Lake Michaelburgh
767471997;Dream Tournament;2024-02-14;2025-09-04;Lake Melissatown
897860934;Rest Tournament;2024-03-27;2025-05-12;Melissamouth
283380690;Film Tournament;2024-05-09;2025-08-21;New Timothytown
216835325;Party Tournament;2024-07-08;2025-01-05;New Lucasport
995557999;True Tournament;2024-04-06;2025-11-07;North Amyfurt
911491188;Local Tournament;2023-12-15;2025-02-23;North Linda
732686207;Out Tournament;2024-05-11;2025-02-11;New Angelaland
536919786;Others Tournament;2024-01-27;2024-12-07;Aaronstad
133317226;Treat Tournament;2024-05-06;2025-06-01;Lake Holly
756746408;Fire Tournament;2023-11-24;2025-08-08;West Robin
796536643;Remain Tournament;2023-11-27;2024-12-13;South Nathan
30339950;Relationship Tournament;2024-07-24;2025-06-09;Luiston
31094881;Large Tournament;2024-01-17;2025-07-15;South Davidhaven
399372437;Red Tournament;2024-01-31;2025-03-05;North Bobbybury
597890247;Really Tournament;2024-08-13;2025-05-30;Port Lisaville
549121514;Agency Tournament;2024-03-24;2024-12-22;North Derek
791375397;Million Tournament;2024-08-08;2025-01-25;Ericmouth
965860418;Me Tournament;2024-05-06;2024-12-08;Englishchester
600342848;History Tournament;2024-08-04;2025-02-23;North Brandonville
424674356;Business Tournament;2024-07-23;2025-05-18;Nathanview
167929640;Religious Tournament;2024-01-08;2025-01-25;New Tara
916507224;Including Tournament;2023-12-05;2025-09-22;West Matthew
863225563;Physical Tournament;2024-01-15;2025-11-01;East Johnathanshire
608304228;Store Tournament;2024-06-20;2025-01-01;Port Pam
858936586;School Tournament;2024-06-09;2025-01-22;Gilbertstad
327794814;Doctor Tournament;2024-07-11;2025-05-28;West Thomas
685365844;Describe Tournament;2024-02-22;2025-04-24;Turnerborough
989173393;Rise Tournament;2024-06-04;2025-03-26;Billychester
273332783;Much Tournament;2024-06-16;2025-07-26;Claybury
492257145;Choice Tournament;2024-09-10;2025-03-24;East Jaime
274318514;Woman Tournament;2024-09-16;2025-05-04;Sawyerfurt
590217284;Education Tournament;2023-12-30;2024-11-23;South David
307124282;Ahead Tournament;2024-06-07;2025-05-27;East Michelle
356951169;Matter Tournament;2024-07-08;2025-09-28;North Jimmy
221109796;Individual Tournament;2023-12-03;2025-06-30;Jensenberg
695144098;Need Tournament;2024-10-15;2025-02-15;Tranmouth
199799027;Always Tournament;2023-11-28;2025-11-12;Deanfurt
488818756;Trade Tournament;2024-06-27;2025-04-13;Ericshire
703345528;Produce Tournament;2024-11-06;2025-06-26;Kochhaven
935159481;Fish Tournament;2024-10-10;2025-01-20;Edwardhaven
21428257;Market Tournament;2024-10-17;2025-06-26;Perezfort
577431005;Article Tournament;2024-03-02;2025-07-19;Lake Joseland
531106629;Worker Tournament;2024-09-18;2024-11-27;Andersonfort
449011561;There Tournament;2024-11-02;2025-05-26;North Erin
844359589;Bill Tournament;2023-11-25;2025-09-13;New Richard
543798289;Tend Tournament;2024-09-09;2025-03-30;New Steven
934031922;Watch Tournament;2024-06-27;2024-12-31;Margaretland
638129615;Garden Tournament;2024-02-11;2025-01-22;South Lynn
796754436;Seem Tournament;2024-09-26;2025-09-14;South Kristen
240108497;Example Tournament;2024-11-17;2025-08-26;Kayleemouth
992170464;Likely Tournament;2024-08-27;2025-10-25;Richmouth
19491653;My Tournament;2024-05-07;2025-02-11;North Jamesfurt
793961417;Result Tournament;2024-06-06;2025-05-20;Youngshire
495801416;Agent Tournament;2024-05-21;2024-12-13;New Christopher
500221313;Spring Tournament;2024-06-18;2025-03-02;Jonathanfurt
658889835;Performance Tournament;2024-08-18;2025-10-29;Thomasmouth
327228289;We Tournament;2023-12-12;2025-09-11;North Christina
450808271;Ball Tournament;2024-08-11;2024-12-18;East Maryfort
729007376;Deep Tournament;2024-06-03;2025-06-20;Lake Jason
735271387;Turn Tournament;2024-04-30;2025-01-17;Hurleyfurt
348200391;Computer Tournament;2024-10-31;2025-03-28;New Austin
64967559;Appear Tournament;2024-08-09;2025-09-22;Cindyport
201468911;Trade Tournament;2024-03-25;2025-03-07;North Josephburgh
871643639;Use Tournament;2024-07-26;2025-06-20;West Madisonland
983034214;Improve Tournament;2023-12-02;2025-04-04;Cortezchester
541866982;Something Tournament;2024-06-16;2025-03-04;Sancheztown
746582899;Health Tournament;2023-12-22;2025-06-04;Sotoville
92692316;Old Tournament;2024-04-30;2025-09-26;New Ericborough
472867592;View Tournament;2024-05-28;2025-08-09;Esparzatown
383429103;Relationship Tournament;2024-06-24;2025-02-14;New John
642254301;We Tournament;2024-11-01;2025-08-26;Perezborough
148774819;He Tournament;2024-06-21;2025-08-14;New Maryton
197823644;Who Tournament;2024-02-12;2025-10-04;North Lucas
521088836;Meet Tournament;2024-02-02;2025-07-02;Michaelbury
116990733;Significant Tournament;2024-10-12;2025-09-14;Shannonborough
306633415;But Tournament;2024-04-10;2025-04-17;Parkerburgh
534517305;Tell Tournament;2024-09-18;2025-05-21;Johnmouth
675638275;Board Tournament;2024-10-28;2025-04-01;East Raymondport
618064955;Beyond Tournament;2024-07-15;2025-11-04;Port Allen
525704744;Less Tournament;2024-07-08;2025-01-30;New Aliciaburgh
593964364;Will Tournament;2024-09-22;2025-07-28;North Tammymouth
664190783;Once Tournament;2024-05-08;2025-10-08;Ortegachester
391262778;Wait Tournament;2024-08-24;2024-12-11;Crystalborough
381401473;Push Tournament;2024-04-18;2025-10-27;West James
239232154;Central Tournament;2023-12-25;2025-01-16;South Dennis
392842881;Life Tournament;2024-02-04;2025-10-31;Emilyview
672919554;Kind Tournament;2024-09-22;2025-03-15;New Shannon
682791750;Us Tournament;2024-03-11;2025-05-01;Holtshire
702686339;Ahead Tournament;2024-03-23;2025-02-04;Cameronchester
305503578;Past Tournament;2024-07-05;2025-08-17;North Carmen
460771934;Professional Tournament;2024-05-02;2025-09-12;East Nicholasfurt
747893271;Body Tournament;2024-11-07;2024-11-28;East Timothy
116439620;Herself Tournament;2024-07-30;2025-09-03;South Monicachester
61076497;While Tournament;2024-02-04;2025-08-11;South Matthew
608091636;Above Tournament;2024-06-11;2025-03-08;Lake Ryan
991654961;Shoulder Tournament;2024-04-16;2024-12-21;New Julie
559563913;Term Tournament;2023-11-24;2025-06-06;Chavezchester
604683516;Cup Tournament;2024-08-14;2024-12-01;Lindafurt
897599268;Compare Tournament;2024-11-04;2025-02-10;Weberhaven
861025202;Hour Tournament;2024-06-10;2025-07-27;Sarahberg
125493498;Drug Tournament;2024-06-22;2025-06-10;South Jennifer
378405162;Guy Tournament;2023-11-25;2025-07-09;Hannahbury
380458367;As Tournament;2024-04-18;2025-01-27;East Maryshire
995251640;Similar Tournament;2023-12-01;2025-01-22;Stokesborough
734638149;Rich Tournament;2023-12-07;2025-10-04;Ericchester
128444986;Option Tournament;2024-05-22;2025-01-12;North Antonio
841476334;Side Tournament;2024-02-11;2025-05-31;Port James
886854686;Opportunity Tournament;2024-08-10;2025-07-24;Clarkton
666807305;Relate Tournament;2024-04-03;2025-05-02;New Christinaville
943965555;Single Tournament;2024-05-13;2025-08-07;East Carla
987178900;Foreign Tournament;2024-09-22;2025-10-11;Juliashire
940435187;Decision Tournament;2024-06-25;2025-01-24;Ellisonborough
24004575;Baby Tournament;2024-06-28;2024-12-29;Blackstad
311784650;Raise Tournament;2023-12-15;2025-05-06;Roblesborough
383196100;Try Tournament;2024-05-04;2025-09-25;Sierraport
272499560;Team Tournament;2024-06-18;2025-04-19;New Jacob
289226784;Light Tournament;2024-11-01;2024-12-11;Port Cody
523843204;Commercial Tournament;2024-09-23;2025-02-14;Mejialand
132629976;Nearly Tournament;2023-11-25;2024-12-09;Mckenzieview
575190246;Ball Tournament;2024-02-09;2025-05-17;Christianton
621191636;Level Tournament;2024-05-17;2025-02-08;Lake Carolchester
504471378;Might Tournament;2024-02-04;2025-01-21;West Nicholasland
432508332;Serious Tournament;2024-09-30;2025-06-29;Heberttown
644855261;Possible Tournament;2024-08-01;2024-11-30;Carolhaven
734408601;Town Tournament;2024-05-21;2024-11-26;Kathrynchester
751103978;Idea Tournament;2024-02-05;2025-02-16;South Jeremyside
75498815;Quite Tournament;2024-02-29;2025-04-23;Zacharychester
840289898;Republican Tournament;2024-02-10;2025-09-26;Cruzbury
777011262;Space Tournament;2024-06-10;2025-08-08;Jonathonmouth
878632342;He Tournament;2024-11-03;2024-11-29;Lake Jennaburgh
731746704;Difficult Tournament;2024-03-11;2025-11-07;South Jonathanchester
208728137;Remain Tournament;2024-11-04;2025-06-06;Brittanyton
493120232;Candidate Tournament;2024-09-06;2025-02-20;Lake Christopher
186076969;City Tournament;2024-10-17;2025-04-09;West Rachaelberg
171729350;Tonight Tournament;2024-10-04;2025-09-22;North Corey
110222235;Make Tournament;2024-11-15;2025-03-09;South Danielton
298057021;Official Tournament;2024-04-27;2025-03-29;Huffton
978096743;Cultural Tournament;2024-10-24;2025-08-28;Port Douglas
11043882;Win Tournament;2024-09-11;2025-02-04;South Kristenshire
752028502;Current Tournament;2024-02-16;2025-08-06;Stevensside
795153132;Decade Tournament;2024-10-17;2025-11-15;Crystalchester
149900418;Memory Tournament;2024-05-07;2025-05-14;Foleyfort
803610150;Help Tournament;2024-10-11;2025-01-23;Coleberg
868913881;Now Tournament;2023-12-28;2025-06-10;Stacyland
894728217;Deal Tournament;2024-03-17;2025-06-12;Port Robertmouth
699961003;Character Tournament;2023-12-14;2025-01-24;South Maryport
563261983;Account Tournament;2024-03-18;2025-03-31;Kimberlyfurt
554171020;Personal Tournament;2024-04-19;2025-02-09;Lake James
62620242;Factor Tournament;2024-01-10;2024-12-14;Leville
550631969;Card Tournament;2023-12-17;2025-10-24;East Paul
818093763;Congress Tournament;2023-12-23;2025-07-26;North Kayla
243560692;Old Tournament;2024-04-13;2025-06-30;Gloriahaven
509389394;Actually Tournament;2024-02-22;2025-07-13;New Jennifermouth
306214395;Analysis Tournament;2024-04-17;2024-12-14;East Olivia
834853806;Put Tournament;2023-12-29;2025-09-11;Carpenterview
992810799;Back Tournament;2024-09-10;2025-06-02;Castilloshire
619213220;Her Tournament;2024-07-26;2025-01-20;New Christopherborough
963856856;Couple Tournament;2024-09-04;2025-07-30;East Kristi
130250757;Begin Tournament;2024-08-06;2025-08-22;East Heather
299870188;Compare Tournament;2024-11-12;2025-03-02;Duanemouth
376801408;Debate Tournament;2024-11-22;2025-07-26;Hortonside
539094589;Several Tournament;2024-03-31;2025-03-29;Ingrammouth
96875788;Sea Tournament;2024-08-21;2024-11-24;North Bonnie
179179499;Nice Tournament;2023-11-26;2025-02-25;South Jenniferberg
478368715;Sister Tournament;2024-05-10;2025-10-20;North Jasonshire
560614415;From Tournament;2023-12-26;2025-11-15;Yatesfurt
317556854;Oil Tournament;2024-10-14;2025-05-27;Lake Jameston
999270897;Sit Tournament;2024-09-17;2025-09-19;New Katie
843903927;Family Tournament;2024-05-04;2025-03-17;Port Donnafurt
290290343;Early Tournament;2024-07-25;2025-07-27;South Nataliestad
291019445;Push Tournament;2024-03-01;2025-02-17;North Theodore
344865777;Develop Tournament;2024-10-02;2025-03-20;North Tyler
464865251;Exist Tournament;2023-12-21;2025-06-07;Kathrynville
935658895;Everyone Tournament;2024-07-07;2025-04-27;South Joeshire
107836126;Single Tournament;2024-02-05;2025-06-23;East Josephburgh
556751003;Affect Tournament;2023-12-04;2025-10-11;Jenniferside
717748241;Design Tournament;2024-04-01;2024-12-23;Collinsburgh
317903770;Indeed Tournament;2024-02-04;2025-09-30;New William
967258160;Serious Tournament;2023-12-05;2025-08-23;West Matthew
651921403;Develop Tournament;2024-01-21;2025-07-08;North Tyroneberg
522630820;Dark Tournament;2024-02-17;2025-06-07;North Hayley
994011819;Affect Tournament;2024-01-03;2024-12-21;Lake Andrew
893823915;I Tournament;2024-02-05;2025-02-23;South Nicholasland
964539187;Tell Tournament;2023-12-06;2025-05-30;South Krystalshire
387207869;Particularly Tournament;2023-12-03;2025-04-23;Sarahville
803577147;Visit Tournament;2024-08-20;2024-12-04;Port Linda
432994306;Can Tournament;2024-01-23;2025-06-28;Port Bradley
842977190;Matter Tournament;2024-07-02;2025-11-05;Houstonview
211830952;Sign Tournament;2024-07-19;2025-08-07;Kathleenland
398151441;Medical Tournament;2024-10-07;2025-09-01;Raymondfort
996018636;Every Tournament;2024-10-07;2025-06-17;Peterport
965299054;Born Tournament;2024-03-07;2025-09-11;Sawyerhaven
493646664;Government Tournament;2024-03-05;2025-10-01;North Robert
743600495;Involve Tournament;2024-08-29;2025-01-26;Elizabethchester
13839404;Base Tournament;2024-06-18;2025-01-11;Port Joyce
6821735;Lay Tournament;2024-05-06;2025-07-09;Howardshire
861794281;Pass Tournament;2024-06-22;2025-02-10;Hughestown
305159956;Have Tournament;2024-01-20;2025-04-15;Foxburgh
985643573;Change Tournament;2024-02-05;2025-08-13;Samuelland
182188431;Special Tournament;2024-01-30;2025-05-18;Port Tiffanybury
881699809;Economy Tournament;2023-12-08;2025-10-31;Port Richardland
948436491;Study Tournament;2024-11-05;2025-05-20;Garybury
840833949;Perform Tournament;2023-12-28;2025-02-14;Kyleville
559062820;Before Tournament;2024-03-28;2025-10-11;Port Stephanieland
202757569;Wait Tournament;2023-12-16;2025-05-27;Port Lisastad
787866097;Put Tournament;2024-11-13;2025-04-16;Robinsonborough
725414535;One Tournament;2024-03-05;2025-09-22;Taraton
850499712;Cell Tournament;2024-07-01;2025-06-15;Cliffordview
873866832;Begin Tournament;2023-12-01;2025-07-26;East Amy
991802435;Keep Tournament;2023-12-07;2025-10-10;New Brandon
102507191;Debate Tournament;2024-05-29;2025-08-16;West Charlesberg
561287551;Tax Tournament;2024-05-23;2025-03-02;Noahmouth
610307152;Analysis Tournament;2024-07-31;2025-01-23;Michellestad
97745572;Actually Tournament;2024-06-24;2024-11-27;Danielleshire
517936160;Study Tournament;2024-01-15;2025-09-24;East Karina
492074558;Beyond Tournament;2024-09-27;2025-02-09;Meganhaven
810664112;Play Tournament;2024-07-12;2025-05-17;Port Jenniferville
942969447;Interview Tournament;2024-11-05;2025-11-13;Nicolasburgh
346276978;Miss Tournament;2024-08-06;2025-08-08;East Destiny
277478383;Church Tournament;2024-06-26;2024-12-09;Johnsonville
714071742;Section Tournament;2024-01-21;2025-04-19;Port Bryan
655336576;Hundred Tournament;2024-11-16;2025-05-22;Donnashire
399869277;Major Tournament;2024-07-24;2025-05-24;Hughesstad
694099254;Might Tournament;2023-12-02;2025-03-21;Tabithachester
120840852;List Tournament;2024-06-10;2025-11-18;East Vincentstad
722703094;Try Tournament;2024-02-24;2025-10-28;Lake John
216080032;Management Tournament;2024-05-03;2025-01-28;Lake Aaron
601098125;Mission Tournament;2024-03-14;2025-02-15;East Wesleyborough
678696621;Sort Tournament;2024-05-21;2025-03-03;Maryhaven
484164683;Listen Tournament;2024-06-23;2025-08-12;Tiffanymouth
747645842;Suggest Tournament;2023-12-10;2025-01-08;New Aaron
125482076;Record Tournament;2024-09-20;2025-02-06;Donnamouth
872263001;Very Tournament;2024-02-24;2025-07-10;Derrickside
393683568;Doctor Tournament;2024-04-25;2025-06-07;Chambersbury
620013466;Growth Tournament;2024-11-07;2025-02-23;Gallagherview
135226903;Pay Tournament;2024-01-17;2025-05-24;New Kaitlynmouth
569089146;Reflect Tournament;2024-03-03;2025-06-08;Lake Larryton
856711268;Story Tournament;2024-05-08;2025-05-15;Loganstad
166814640;Possible Tournament;2024-09-11;2025-03-07;South Andrewton
63930469;Current Tournament;2024-02-16;2024-11-27;East Courtney
623802054;Smile Tournament;2023-11-23;2025-04-15;Lake Todd
231639604;Situation Tournament;2024-03-01;2025-07-13;Port Crystalshire
955587835;Throw Tournament;2024-07-20;2025-04-03;Matthewport
460442303;Future Tournament;2024-10-23;2025-07-19;Lake Steven
254519988;Community Tournament;2024-11-16;2025-10-19;Mooreberg
256199534;Left Tournament;2024-03-18;2025-02-11;Davidbury
255989283;Notice Tournament;2024-11-19;2025-04-25;Harperhaven
183105839;Husband Tournament;2024-07-13;2025-03-25;Port George
825761431;Name Tournament;2024-09-08;2025-07-24;Caseyview
919025167;Nor Tournament;2024-02-02;2025-05-07;Jasonmouth
132355290;Quality Tournament;2024-02-16;2025-08-01;Wushire
86793023;Major Tournament;2024-10-07;2025-05-11;South Angelastad
726376947;Special Tournament;2024-06-21;2025-01-02;Rojasland
209588030;Tonight Tournament;2024-06-08;2025-08-04;Ryantown
646668629;If Tournament;2024-01-18;2025-03-19;Jerryhaven
377687185;Join Tournament;2024-03-31;2025-07-03;Phillipsville
572296531;Why Tournament;2024-09-14;2025-09-22;Lake Christopher
577373978;Say Tournament;2024-05-05;2024-12-20;Alyssaberg
842504671;Such Tournament;2024-07-30;2025-01-18;Patrickbury
669216121;Travel Tournament;2024-03-12;2025-11-10;New Lawrencechester
605478899;Company Tournament;2024-08-17;2025-04-22;South Kristin
542105855;Challenge Tournament;2024-04-09;2025-01-18;Jamesfort
586326406;Per Tournament;2024-09-05;2025-08-29;Toddtown
713753925;Talk Tournament;2024-07-31;2025-01-29;Valerieville
985380064;Course Tournament;2024-03-16;2025-04-14;North Phillipton
895887428;Environment Tournament;2024-08-20;2025-01-16;Hudsonton
496305142;By Tournament;2024-08-11;2025-07-26;Kellychester
181087483;Relationship Tournament;2024-08-06;2025-06-01;Hugheschester
283987048;Act Tournament;2024-08-03;2025-11-10;Port Kevin
756208775;Office Tournament;2024-05-01;2025-04-16;North Mariaport
112138722;Performance Tournament;2024-10-19;2025-06-26;Aaronfort
210279324;Husband Tournament;2024-08-20;2025-07-08;East Jamie
244605675;Simple Tournament;2024-08-08;2025-05-08;West John
988925268;Full Tournament;2024-05-06;2025-01-17;Carlafurt
690837381;Nearly Tournament;2024-01-18;2025-07-13;Joelport
222910657;Window Tournament;2024-06-04;2025-10-02;Williamsmouth
466818334;Few Tournament;2024-02-22;2025-01-30;Port Angelaland
566355022;Will Tournament;2024-02-27;2025-04-13;Martinchester
632179149;Direction Tournament;2024-01-26;2025-10-04;Smithshire
532453546;Interest Tournament;2024-04-02;2025-04-28;Robertbury
637849211;Theory Tournament;2024-03-27;2025-05-03;Arthurburgh
28522302;Material Tournament;2024-04-12;2025-11-10;Villarrealport
581943180;Door Tournament;2024-02-26;2025-06-30;North Jeremystad
395206661;Next Tournament;2024-02-10;2025-10-31;Joanshire
472145539;Director Tournament;2024-08-14;2025-11-03;Justinville
965012191;Best Tournament;2024-05-24;2025-04-27;Richardside
338770086;Service Tournament;2023-12-19;2025-03-07;Michaeltown
808074090;Security Tournament;2024-08-11;2025-06-12;Kendrashire
929055126;Sea Tournament;2024-01-24;2025-05-13;Lake Jasmine
29607871;Center Tournament;2024-08-12;2025-04-07;South Emmamouth
492673252;Pretty Tournament;2023-11-28;2025-10-01;Johnsonmouth
505028192;Hit Tournament;2024-05-16;2025-01-22;Baileyborough
744706628;Seat Tournament;2024-02-12;2025-10-07;South Kathymouth
393513646;Run Tournament;2023-12-27;2025-05-27;Nguyenland
328182410;Participant Tournament;2024-08-24;2025-01-14;Port Cassandra
456265645;Paper Tournament;2024-05-22;2025-03-19;East Joshua
599287899;Thus Tournament;2024-11-22;2025-10-08;New Gina
679680881;Heart Tournament;2024-02-04;2025-10-30;Higginston
356432573;Store Tournament;2024-05-06;2025-10-17;North Danmouth
27431759;Message Tournament;2024-05-29;2025-04-09;Lake Alexandra
587036443;Point Tournament;2024-07-05;2025-03-01;West Sean
632618130;Sense Tournament;2024-05-18;2024-12-06;North Andrewborough
329689610;Threat Tournament;2024-05-19;2025-07-31;Ortiztown
440712252;Meet Tournament;2024-05-10;2025-11-16;Deborahstad
973223469;Research Tournament;2024-07-31;2025-08-16;South Joe
440391702;Civil Tournament;2024-10-14;2025-06-01;East Billystad
866961518;Choice Tournament;2024-01-13;2024-12-07;Rayside
361513646;Soon Tournament;2024-03-13;2025-06-02;Hardychester
136844720;Large Tournament;2024-01-24;2025-10-29;Danielburgh
463201086;Painting Tournament;2024-03-06;2025-04-08;North Allenville
486656786;Director Tournament;2023-12-08;2025-03-14;Josephfort
841595780;Suggest Tournament;2024-01-18;2025-04-18;Port Raymondmouth
353207739;American Tournament;2024-02-25;2025-08-06;West John
598129663;Business Tournament;2024-02-27;2024-11-29;Josemouth
402147289;Low Tournament;2024-09-24;2025-01-13;Port William
579906511;Teach Tournament;2024-04-07;2025-07-05;Mitchellhaven
511239962;Pattern Tournament;2024-11-08;2025-05-27;Heatherside
158271263;Move Tournament;2024-08-14;2025-09-30;New Timothyville
705501711;Name Tournament;2024-07-31;2025-05-24;Ortegastad
338703681;Dream Tournament;2023-12-18;2025-07-24;Lake Ronaldstad
185833096;Theory Tournament;2024-08-28;2025-09-06;Michaelchester
512144891;School Tournament;2024-06-20;2025-07-08;Tannerport
307102109;East Tournament;2024-08-02;2025-02-15;Harthaven
88836396;Blood Tournament;2024-01-25;2025-07-12;Dianeburgh
527880119;Heavy Tournament;2024-02-26;2025-07-30;Muellerstad
119966381;For Tournament;2024-10-10;2025-06-25;Jimmyview
835360024;Raise Tournament;2024-07-10;2025-08-22;New Brandonbury
345684376;Right Tournament;2024-02-28;2025-06-14;East Michelle
306123594;Center Tournament;2024-06-01;2025-05-19;Maryburgh
435323672;Challenge Tournament;2024-11-03;2025-01-21;Smithbury
612443700;Join Tournament;2024-07-29;2025-05-08;Amyburgh
63941931;Board Tournament;2024-05-01;2025-06-05;South Parkerfort
407550080;Minute Tournament;2023-11-23;2025-10-29;East Sarah
71233454;Next Tournament;2024-06-14;2025-02-16;West Damon
226914675;Great Tournament;2023-12-10;2025-03-02;New Donnaside
834740178;Case Tournament;2024-06-21;2025-08-26;Raymondstad
466284377;Cultural Tournament;2024-08-27;2025-09-01;Jodibury
429002457;Door Tournament;2024-06-16;2025-08-13;Lewischester
763447782;About Tournament;2024-10-30;2025-10-05;North Juan
592428804;Commercial Tournament;2024-10-05;2025-02-16;Andrewland
833565276;Fish Tournament;2024-05-07;2025-10-27;Briannaborough
47180249;Pass Tournament;2024-03-06;2025-05-27;North Williamview
657827371;Wall Tournament;2023-12-15;2025-01-31;Jorgemouth
881392220;Artist Tournament;2024-07-08;2025-07-19;Lake Kevin
416528540;Seem Tournament;2024-09-16;2025-06-24;Lindseyview
289423559;Trial Tournament;2024-01-25;2025-05-30;Lake Matthewport
101036010;Order Tournament;2024-09-30;2025-06-10;North Joshuastad
687163561;Subject Tournament;2024-06-16;2024-12-30;Susanburgh
682818758;Five Tournament;2024-03-28;2024-12-07;Christopherton
28018935;Social Tournament;2024-05-28;2024-11-25;Bentleyhaven
762170118;Including Tournament;2024-11-04;2025-04-11;Lewismouth
801286676;Everything Tournament;2024-08-29;2025-08-29;Melindaport
496073309;Doctor Tournament;2024-05-20;2025-10-30;North Kristinchester
409292789;Chance Tournament;2023-12-09;2025-09-01;West Sarashire
85658730;Responsibility Tournament;2024-07-27;2025-04-20;Carpenterburgh
995018898;Meet Tournament;2024-06-02;2025-07-11;Carrollberg
810334181;Assume Tournament;2024-10-07;2024-11-25;Lucasbury
347851893;Difficult Tournament;2024-11-07;2024-12-28;Nicholasside
684401407;Likely Tournament;2024-05-18;2025-08-07;West Cherylmouth
620889208;Newspaper Tournament;2024-05-09;2025-10-05;Port Jodiburgh
208278638;Push Tournament;2024-05-19;2025-06-06;East Gregorychester
691540101;Me Tournament;2024-08-24;2025-07-19;Lauraberg
370027511;Act Tournament;2023-12-16;2025-02-04;West Angela
797429311;Answer Tournament;2024-10-07;2025-05-22;Hoffmanside
949934072;Cut Tournament;2024-04-07;2025-01-30;East Lindseyberg
357827642;Career Tournament;2024-02-17;2025-01-22;Lake Courtneytown
410271728;Avoid Tournament;2024-06-05;2025-05-14;North Veronica
652512964;Break Tournament;2024-03-14;2025-08-21;North Joseph
737667590;Black Tournament;2024-11-09;2025-06-05;Lake Steveburgh
44353742;Chance Tournament;2024-11-22;2025-03-25;Millerland
983365544;Political Tournament;2024-01-10;2025-09-25;Michaelville
154323644;Front Tournament;2024-07-24;2025-05-16;South Gary
405790569;Interview Tournament;2024-03-26;2024-12-30;West Alyssashire
974107622;Beyond Tournament;2024-08-14;2025-07-29;Hansonbury
642625106;Development Tournament;2024-02-14;2025-02-02;Johnnyside
816419457;Third Tournament;2023-12-26;2024-12-20;Scottmouth
354389621;The Tournament;2024-09-13;2025-10-26;Lake Mary
781162269;Care Tournament;2024-02-11;2025-11-21;Loriton
717851895;Measure Tournament;2024-10-07;2025-05-15;South Williamshire
908101697;Spend Tournament;2024-06-18;2025-09-09;New Patriciachester
936483622;Wrong Tournament;2024-08-22;2025-02-15;New Paulberg
191663857;Check Tournament;2023-12-01;2025-07-04;East Benjamin
567232725;Degree Tournament;2024-01-25;2025-09-17;Elizabethshire
68838279;Base Tournament;2024-03-17;2025-01-04;Mooreborough
867588115;Local Tournament;2024-04-22;2025-05-04;Henrychester
684497827;Little Tournament;2024-05-07;2025-04-16;Lake Adam
792519484;Cover Tournament;2024-06-17;2024-12-20;Wallerton
267842652;Establish Tournament;2024-11-14;2024-12-12;East Kimberlymouth
906189550;Bank Tournament;2024-03-13;2025-02-14;West Natalie
117764176;Hope Tournament;2024-10-05;2025-05-28;North Katherine
173722845;Factor Tournament;2024-01-31;2025-03-09;Santiagofurt
704149679;Despite Tournament;2024-09-22;2025-04-29;East Dominique
857613617;Feel Tournament;2024-08-07;2024-12-08;East Ashleystad
418465129;Music Tournament;2023-12-10;2025-08-25;Roymouth
107629899;Make Tournament;2024-02-05;2025-01-13;Port Jasonberg
364758473;Policy Tournament;2024-03-20;2025-04-27;Nicoleville
783993840;Above Tournament;2024-04-22;2025-10-26;Port Diane
109011563;Religious Tournament;2023-12-04;2025-10-03;Port Breanna
661594967;Safe Tournament;2023-12-09;2025-04-17;East Jennifer
506753327;Experience Tournament;2024-06-27;2024-12-05;Cobbton
228067154;Step Tournament;2024-04-11;2025-08-27;Jonview
553976960;Design Tournament;2023-11-25;2024-12-23;Colemanberg
497542369;Fill Tournament;2024-04-04;2025-08-04;Lake Jeffreyburgh
297777061;Might Tournament;2024-05-31;2025-10-14;North Eric
274012423;Against Tournament;2024-05-03;2025-09-29;Laurenbury
373604420;Become Tournament;2024-05-20;2025-07-21;Sandersview
5683929;Draw Tournament;2024-09-11;2025-05-08;Port Dylan
517470698;Name Tournament;2024-02-26;2025-01-21;Kruegerborough
920093480;Attorney Tournament;2024-11-06;2025-07-30;Davidhaven
91367159;Require Tournament;2024-08-04;2025-08-26;Billyton
236973095;Later Tournament;2023-12-25;2025-09-11;Daltonbury
159910777;Decide Tournament;2024-02-26;2025-07-10;Christopherport
912503603;Newspaper Tournament;2024-03-05;2025-04-11;East Alison
998064599;Stuff Tournament;2024-08-14;2025-11-06;Kevinborough
678157253;Consumer Tournament;2024-01-27;2025-10-22;Port Markburgh
1869791;Although Tournament;2024-11-09;2025-03-21;North Thomas
626098255;Much Tournament;2023-12-15;2024-12-31;Hernandeztown
117126345;Policy Tournament;2024-06-24;2025-08-18;North Coleberg
50504934;Operation Tournament;2024-09-07;2025-04-18;Lake Valeriestad
485651707;Color Tournament;2024-01-19;2025-02-08;Lake Leonard
702874988;Like Tournament;2024-03-10;2025-01-21;South Joditown
642365776;When Tournament;2024-11-22;2025-06-12;South Michele
348803739;Pattern Tournament;2024-05-21;2025-10-26;Port Suzanneland
409439182;Describe Tournament;2024-06-14;2024-11-30;New Rachel
792882376;Your Tournament;2024-09-24;2025-11-01;Johnsonfurt
716066346;Keep Tournament;2024-05-02;2025-06-24;New Tammyview
808372382;Green Tournament;2024-10-04;2025-07-11;Dannyville
122013420;Forward Tournament;2024-06-15;2025-02-06;Arellanohaven
934162912;Give Tournament;2024-11-06;2025-09-11;Perezview
54810346;All Tournament;2024-01-27;2025-04-21;Port Teresa
738834948;Might Tournament;2024-08-24;2025-06-06;West Anthony
785090710;Open Tournament;2024-03-05;2025-01-13;Jeremiahtown
713976389;Believe Tournament;2024-08-26;2025-11-16;Robertsburgh
81824424;Tell Tournament;2024-02-10;2025-08-08;Smithberg
807135707;Environmental Tournament;2024-04-04;2025-05-13;Barbarastad
986237084;Number Tournament;2024-03-06;2025-07-06;Josephburgh
270677232;Analysis Tournament;2024-03-26;2025-04-22;East Crystal
287719422;Sit Tournament;2024-08-23;2025-05-04;Johnsborough
6160421;Evidence Tournament;2024-01-31;2025-05-02;Katrinafort
6503605;Indeed Tournament;2024-10-06;2025-09-26;Loganburgh
571698502;Modern Tournament;2023-12-14;2025-09-02;Lake Michellehaven
687896916;Here Tournament;2024-04-17;2025-03-25;Michelleland
592868868;Enough Tournament;2024-08-31;2025-05-12;Brianland
374725669;City Tournament;2024-06-09;2025-01-09;Lindaton
914323584;Involve Tournament;2023-12-22;2025-04-07;West Jesusport
633345579;Purpose Tournament;2024-06-23;2025-07-12;New Aprilfort
164887855;Consider Tournament;2024-04-03;2025-06-02;Cynthiaville
577336898;Training Tournament;2023-12-04;2025-04-09;East Raven
37682023;Draw Tournament;2024-10-29;2025-04-12;Justinland
86274632;Turn Tournament;2024-01-27;2025-05-19;South Blake
195786075;Able Tournament;2024-07-10;2025-05-03;Port Joannachester
991966413;International Tournament;2024-05-10;2025-05-26;Laurenmouth
980709948;While Tournament;2024-10-19;2025-01-09;East Johnshire
717808003;Rock Tournament;2024-05-15;2025-03-31;New Scott
944307536;Community Tournament;2024-03-09;2025-05-09;Port Michael
958770411;Head Tournament;2024-07-18;2025-09-23;Isaacfort
694968954;Experience Tournament;2024-03-13;2025-01-21;Lake Joseph
248002168;Short Tournament;2024-11-11;2025-01-10;New Brittany
858151517;Plant Tournament;2024-04-04;2025-09-23;Fieldsmouth
999771226;Church Tournament;2024-10-02;2025-10-02;North Troyhaven
835392381;Whether Tournament;2024-09-11;2025-02-08;Matthewchester
453209761;Meet Tournament;2024-01-28;2025-10-07;New Codyfurt
582602791;Fall Tournament;2023-12-19;2025-09-25;Paynetown
827049607;Allow Tournament;2024-07-22;2025-08-05;Stevenburgh
15307960;Its Tournament;2024-08-21;2025-02-03;Lake Jill
579405251;Final Tournament;2024-01-07;2025-09-04;New Rachelfurt
446567857;Century Tournament;2024-01-03;2025-11-04;West Danielle
630036858;Finish Tournament;2024-05-01;2025-06-26;Lake Ricky
988029136;Late Tournament;2024-02-19;2025-05-30;Deannaborough
363660252;Enough Tournament;2024-08-04;2025-09-01;New Michael
347275195;Data Tournament;2024-01-14;2025-08-13;Port David
119976387;High Tournament;2024-06-09;2025-05-30;East Michelle
74958794;Look Tournament;2023-12-25;2025-04-03;Port Johnathanburgh
827127147;Positive Tournament;2023-12-20;2025-01-18;Adamsfort
376806875;Far Tournament;2024-04-22;2025-11-14;Ruizport
404370260;Deal Tournament;2024-04-23;2025-02-18;Hunterside
105860803;Piece Tournament;2024-09-28;2025-08-17;Lake Matthew
451998679;According Tournament;2023-12-28;2025-06-06;Parkerview
228679332;Movie Tournament;2024-04-17;2025-05-04;East Jeffrey
883297064;Society Tournament;2024-06-04;2025-11-13;Griffithstad
943910239;Own Tournament;2024-07-27;2025-06-29;North Colestad
812170773;Station Tournament;2024-01-28;2025-06-11;Lake Madison
189947753;Determine Tournament;2023-12-06;2025-05-24;East Danielleview
109170908;Explain Tournament;2024-02-20;2025-11-15;Margaretmouth
286187263;Close Tournament;2024-04-16;2025-03-28;Oscarmouth
601508651;Show Tournament;2024-01-20;2024-12-21;Luisstad
16561591;Right Tournament;2024-08-30;2025-07-18;West Caitlynfurt
370772904;Rock Tournament;2024-06-02;2024-12-22;East Johnview
715952071;Travel Tournament;2024-11-05;2025-03-03;West Sheila
175614776;Situation Tournament;2024-06-23;2025-09-22;East Mark
742141625;Public Tournament;2024-06-25;2025-02-18;Sarahfort
8347472;Huge Tournament;2023-12-01;2025-05-28;Port Daniel
891624411;Seek Tournament;2024-10-28;2025-02-13;Danabury
643055162;None Tournament;2024-02-27;2025-01-01;North Lisaport
764660206;Agency Tournament;2024-01-19;2025-10-25;Racheltown
659849773;Send Tournament;2024-06-17;2024-12-26;New Lisa
15815985;Cut Tournament;2024-11-16;2025-11-06;North Jessica
205984205;Describe Tournament;2024-05-17;2025-07-07;South Nicoleborough
456994682;Develop Tournament;2024-01-19;2024-12-28;East Allison
282351539;Poor Tournament;2024-07-27;2025-04-09;New Nicholas
435603850;Simply Tournament;2024-08-31;2025-11-07;Tiffanyhaven
702512767;Tend Tournament;2024-01-18;2025-02-17;Normaberg
969466155;Economy Tournament;2024-02-23;2025-08-30;West Vincent
900380042;Report Tournament;2024-11-10;2025-02-19;Sanchezchester
501273965;Represent Tournament;2024-05-07;2025-08-11;Port Jessica
833341232;Face Tournament;2024-05-20;2025-05-06;Kleinhaven
299798624;Though Tournament;2024-09-08;2025-06-23;New Melissa
632413350;Concern Tournament;2023-11-29;2025-07-25;East Edwardview
55923061;Blue Tournament;2024-02-10;2025-05-27;Brooksborough
214278337;Full Tournament;2023-12-22;2025-04-06;West Robert
373711182;Floor Tournament;2024-03-17;2025-05-20;North Michelle
897617676;Carry Tournament;2024-04-13;2025-01-31;Ashleymouth
712325427;Work Tournament;2023-11-27;2025-03-19;Riceville
761971173;Already Tournament;2024-03-29;2025-01-21;West Loriburgh
879845178;Born Tournament;2024-07-31;2025-02-05;South Timothy
709496826;Ahead Tournament;2024-02-11;2025-03-30;Pierceberg
545723855;Reveal Tournament;2024-05-26;2025-04-25;South Briannaport
460078516;Yet Tournament;2024-10-03;2024-12-10;East Emily
529932040;Say Tournament;2024-02-21;2024-12-17;New Pamelaberg
425685259;Understand Tournament;2024-02-27;2025-07-27;Lake Samanthaberg
107332465;Major Tournament;2024-05-12;2025-11-13;South Katelynfurt
420195015;Party Tournament;2023-12-15;2025-08-09;Masonmouth
792840604;Much Tournament;2023-12-07;2025-03-08;Kennethchester
357022451;Market Tournament;2024-08-22;2025-10-11;South Brian
906906234;News Tournament;2024-05-04;2025-08-02;Lake Robert
889026174;Process Tournament;2024-07-02;2025-01-09;Weissfort
36586136;Huge Tournament;2024-08-12;2024-12-08;Gordonview
245296858;Blood Tournament;2024-07-27;2025-01-21;New Rickystad
15479093;Friend Tournament;2024-02-03;2025-06-24;East Christopherberg
688854406;Technology Tournament;2024-04-24;2025-04-25;Karenmouth
872366676;Risk Tournament;2024-01-12;2025-05-12;Lake Travis
408468359;Military Tournament;2024-11-07;2025-07-14;East Noahland
922763382;Thing Tournament;2024-02-01;2025-06-25;North Anashire
535881789;Political Tournament;2024-04-17;2025-10-10;Stewarttown
519529140;Buy Tournament;2023-12-13;2025-10-24;Lake Tonyside
833074462;Marriage Tournament;2024-03-24;2025-10-17;Lake Jaredside
644036338;Modern Tournament;2023-12-10;2024-12-06;West Ericmouth
251752148;Vote Tournament;2024-04-27;2025-05-17;North Dannybury
368959928;Parent Tournament;2024-08-28;2025-03-25;North Thomas
275208319;Near Tournament;2024-08-06;2025-09-05;East Tamara
979641294;Education Tournament;2024-05-23;2024-12-04;South Michaeltown
242160147;Some Tournament;2023-12-21;2025-07-12;Penachester
765105082;Ball Tournament;2024-06-25;2025-09-01;South Scott
614324917;Stand Tournament;2023-12-07;2025-06-02;New Elijahland
903952904;Exactly Tournament;2024-01-03;2025-10-13;East Susan
981067662;Under Tournament;2024-11-17;2025-11-16;Port David
897990801;Well Tournament;2024-11-21;2025-01-26;New Teresaberg
609958928;Process Tournament;2024-02-29;2024-12-27;Timothyborough
595786587;Leader Tournament;2024-04-25;2025-02-10;Banksfort
987753314;All Tournament;2024-03-29;2025-10-01;Phillipsfort
792472712;Career Tournament;2024-01-06;2025-11-10;North Jamesport
936347027;Think Tournament;2024-06-08;2025-06-24;New Kathystad
659167001;Offer Tournament;2024-07-22;2025-01-17;North Christopherfort
532883297;Executive Tournament;2024-04-24;2025-06-08;Joshuafurt
293920651;Actually Tournament;2023-12-07;2025-02-07;Joannaside
423320956;Interest Tournament;2024-03-31;2025-08-01;Port Charles
615427557;Month Tournament;2024-02-26;2025-04-17;Matthewsfurt
564372929;Model Tournament;2024-08-16;2025-10-07;Jessicaside
50858954;Morning Tournament;2024-11-09;2025-06-11;Margaretton
730625298;Travel Tournament;2024-04-30;2025-09-04;West Jamesberg
697120273;Technology Tournament;2024-04-10;2025-09-22;Wayneport
954074987;Federal Tournament;2024-06-18;2025-02-17;Fisherland
192453491;Phone Tournament;2024-08-23;2025-05-01;Henryshire
748535052;Teacher Tournament;2024-07-27;2025-05-03;Williamsstad
752257076;Range Tournament;2024-01-30;2025-07-05;Taylortown
590343742;Again Tournament;2023-11-26;2025-09-01;Patrickhaven
680308708;Color Tournament;2024-04-19;2025-04-15;Caseyland
182023068;Identify Tournament;2024-04-30;2025-05-29;New Kennethville
662003416;Left Tournament;2024-07-22;2025-01-24;North Erik
304468533;High Tournament;2024-07-21;2025-03-02;Carlosfort
248507332;Reach Tournament;2024-10-05;2025-11-15;Thomasfort
611031975;Decide Tournament;2024-10-08;2025-08-02;West Jasminefurt
211948793;Score Tournament;2024-05-21;2024-12-14;East Heatherberg
449903918;These Tournament;2024-10-02;2025-02-26;South Pamelamouth
893920097;Measure Tournament;2024-10-19;2025-10-11;Perrybury
287430348;Probably Tournament;2024-06-04;2025-07-28;New Rhondatown
953629565;Stock Tournament;2024-03-03;2025-05-07;West Patrickshire
981889178;However Tournament;2024-09-16;2025-06-12;Edwardberg
111985778;What Tournament;2024-06-27;2025-06-02;West Seanport
975808121;Professor Tournament;2024-10-01;2025-06-13;New Melissa
886537895;Alone Tournament;2024-02-20;2025-01-06;Tinachester
622266800;Condition Tournament;2024-02-27;2025-07-16;West William
384507497;Bag Tournament;2024-04-04;2025-11-02;South Scott
814792651;Reality Tournament;2024-02-01;2025-10-31;East Victoria
278716340;New Tournament;2024-08-15;2025-11-19;Briannachester
174700251;Board Tournament;2024-05-09;2025-01-28;South Elizabethshire
2044528;Up Tournament;2024-08-20;2025-02-15;West Sabrina
748068146;Sing Tournament;2024-06-28;2025-05-06;Hughesfort
233866131;Fear Tournament;2024-06-29;2025-05-05;New Guyside
254520943;Play Tournament;2024-06-12;2025-08-26;South Josephborough
958014402;East Tournament;2024-04-12;2024-12-27;Freemanfurt
367791509;However Tournament;2023-11-29;2025-06-04;Johnsonview
80757045;Particularly Tournament;2024-03-07;2025-02-28;Daniellefort
509204249;Short Tournament;2024-08-19;2025-07-25;Lake Vickie
923375718;Myself Tournament;2024-08-06;2024-12-05;Joseland
265254646;Kid Tournament;2023-12-11;2025-02-27;Lake Amanda
109413662;Particular Tournament;2024-10-01;2025-08-19;Marshallfurt
941550646;Water Tournament;2024-01-15;2025-04-26;Port Thomasmouth
734092988;Training Tournament;2024-10-24;2025-02-09;Cherylborough
316320098;Next Tournament;2024-04-05;2025-10-18;Johnsonmouth
871911541;Cover Tournament;2023-12-30;2025-11-14;Alvarezshire
260438630;Positive Tournament;2024-03-10;2025-11-09;Williamville
93095296;Close Tournament;2024-05-07;2025-06-28;Davidshire
808413039;Sign Tournament;2024-05-07;2025-05-28;Heatherview
275761050;Study Tournament;2023-12-23;2025-11-11;Lake Heather
135113891;Floor Tournament;2024-10-02;2025-02-01;Youngside
834117416;Job Tournament;2024-04-10;2025-07-23;Batesbury
316068541;Four Tournament;2024-06-09;2025-03-25;Anthonystad
536470046;Quickly Tournament;2023-12-29;2025-09-15;Hayeschester
104515406;Avoid Tournament;2024-06-16;2025-04-02;Kevinshire
894558545;Dinner Tournament;2024-02-23;2024-12-02;South Frank
930507393;Drive Tournament;2024-10-04;2025-04-26;Jamestown
983029901;Usually Tournament;2023-11-26;2025-04-16;Port Ginafort
336193485;Case Tournament;2024-10-18;2024-12-03;Paulton
479645735;Adult Tournament;2024-05-03;2025-03-23;Kevinbury
579949582;Test Tournament;2024-06-05;2025-02-28;South Alexandraville
820841815;Cup Tournament;2024-10-14;2025-01-13;North Sarahchester
367915394;Ready Tournament;2024-05-06;2025-01-17;East Jeffery
435390183;Wish Tournament;2024-09-11;2025-10-15;Lake Michelle
551688385;Will Tournament;2024-09-05;2025-03-16;Lake Danielhaven
463002537;Individual Tournament;2024-06-09;2025-08-23;East Heather
142279784;Example Tournament;2024-01-06;2025-04-10;New Mario
155306829;Crime Tournament;2024-10-08;2025-09-01;Madisonchester
234575197;Color Tournament;2024-03-03;2025-02-05;Gomezchester
396806928;Face Tournament;2024-09-17;2025-06-26;Hannahmouth
568819197;Three Tournament;2024-03-16;2025-02-23;Deborahfort
68411371;Hour Tournament;2024-06-11;2025-09-25;Hutchinsonville
547790047;Although Tournament;2024-09-30;2025-09-10;New Adam
139304687;Left Tournament;2024-01-26;2025-08-22;Marthaland
669847996;Community Tournament;2024-07-17;2025-09-13;West Lindsey
110802444;Hard Tournament;2024-01-21;2025-01-16;Lawsonbury
570970262;Rule Tournament;2024-05-30;2025-11-02;Hollyhaven
246751733;Card Tournament;2024-04-08;2025-03-27;Phillipschester
323420908;Indeed Tournament;2024-10-01;2025-07-24;Kathrynside
694610764;Ten Tournament;2024-08-15;2024-12-31;Karafort
5236312;Energy Tournament;2024-09-05;2024-12-26;East Brian
505234617;From Tournament;2024-02-18;2025-09-14;Jennifermouth
30781576;My Tournament;2024-08-24;2025-06-19;Terrychester
423877562;Scientist Tournament;2024-08-19;2025-03-18;Wilkinsonstad
240106222;Cultural Tournament;2024-05-21;2024-12-24;West Laura
512215037;Expect Tournament;2024-02-26;2025-07-12;Georgeburgh
253521703;Join Tournament;2024-06-01;2025-08-30;New Davidhaven
479514528;Lay Tournament;2024-03-26;2025-03-06;Melaniemouth
941475488;Site Tournament;2024-01-14;2025-02-09;Hernandezside
414637887;Detail Tournament;2024-05-12;2025-11-07;Angelabury
913715462;Individual Tournament;2023-12-21;2025-04-29;Carterton
224617571;Security Tournament;2024-05-16;2024-12-28;Perrychester
320980844;Commercial Tournament;2024-04-27;2025-02-20;Jonesfurt
122489931;Nation Tournament;2023-12-11;2025-11-02;East Stephanie
523666015;Amount Tournament;2024-04-16;2025-10-11;West Amy
361256372;Book Tournament;2024-09-13;2025-05-28;Jenniferborough
209431755;Many Tournament;2024-06-26;2025-02-20;Williamshire
812652871;Reach Tournament;2024-03-01;2025-10-14;Sheatown
710048034;Call Tournament;2024-04-07;2025-01-21;Josephmouth
974112152;Blood Tournament;2023-11-24;2025-01-01;Port Brittany
251400150;Thing Tournament;2024-01-06;2025-08-14;North Heatherland
893536882;Opportunity Tournament;2024-04-18;2024-12-28;East Christopher
97847358;Animal Tournament;2024-05-29;2025-09-17;East Kayla
980750551;Health Tournament;2024-03-16;2025-06-17;Fernandezshire
481662331;Environmental Tournament;2024-09-08;2024-12-11;Leside
967362502;Remain Tournament;2024-05-29;2025-06-16;Mcdowellshire
705486221;Himself Tournament;2024-01-07;2025-04-11;Theresamouth
613715467;Rate Tournament;2024-10-22;2025-01-03;West Aarontown
563038264;Possible Tournament;2024-04-30;2025-02-09;Kennethhaven
324422585;Story Tournament;2023-11-27;2025-02-28;Juanmouth
714057728;Enough Tournament;2024-08-22;2025-01-23;Kylechester
391351477;Parent Tournament;2024-02-26;2025-05-08;Lake Ronald
195100973;Increase Tournament;2024-01-04;2025-07-11;North William
645407123;As Tournament;2024-06-28;2025-01-15;West Kathryn
233470551;Head Tournament;2024-03-09;2025-06-21;Lake Richard
871791687;Second Tournament;2024-03-14;2025-01-01;North Keith
223183088;Gun Tournament;2024-02-20;2024-11-28;East Johnnyview
930051641;Positive Tournament;2024-06-19;2025-01-11;Yatesport
410654109;Blood Tournament;2024-01-03;2025-11-04;New Adam
181901189;Raise Tournament;2024-03-28;2025-02-13;South Austin
902241084;Old Tournament;2024-10-06;2025-05-14;Susanstad
878097364;Relationship Tournament;2024-06-16;2025-11-07;New Linda
573810131;Box Tournament;2024-08-15;2025-07-31;Angelaville
917372365;Serve Tournament;2024-09-20;2025-01-23;Simpsonhaven
549198705;Though Tournament;2024-11-01;2024-12-04;West Michaelfurt
665347090;Father Tournament;2024-05-31;2025-11-02;Kevinmouth
4359040;With Tournament;2024-02-11;2025-10-13;Alfredfurt
790325666;Travel Tournament;2024-10-24;2024-12-28;Royborough
979376810;Happy Tournament;2024-04-17;2025-07-02;West John
250734443;Image Tournament;2024-07-12;2025-09-22;Lake Daisy
891512469;These Tournament;2024-05-26;2024-12-20;Lake Jorge
570308731;He Tournament;2024-08-14;2024-11-28;Stevenfort
596872269;Color Tournament;2024-04-24;2025-11-11;West Dave
421069715;Kid Tournament;2024-10-19;2025-03-28;Susanfort
919430573;Prevent Tournament;2024-08-21;2025-06-12;Port Glennfurt
217518649;Last Tournament;2024-05-09;2025-04-13;Lindaland
488342610;Herself Tournament;2024-06-10;2025-08-13;Michelleport
95730672;Grow Tournament;2023-12-02;2025-10-22;Port Jeffreyside
74684087;South Tournament;2024-08-23;2025-11-07;Port Jasmine
790255281;Speak Tournament;2024-02-19;2025-10-20;Laurenburgh
343453680;Military Tournament;2024-10-31;2025-09-20;New Anthony
917659302;Security Tournament;2024-09-22;2024-12-28;Meganbury
318984760;Note Tournament;2024-07-21;2025-05-02;South Wandafurt
636127305;Last Tournament;2024-08-12;2025-03-01;Chapmantown
961853617;Fire Tournament;2024-07-20;2025-07-30;North Christineside
703524665;Act Tournament;2024-09-27;2025-10-03;Bobbyshire
600297306;Raise Tournament;2024-06-09;2025-03-12;East Timothyland
364998349;Your Tournament;2024-08-31;2025-03-26;Flynnchester
458484890;Woman Tournament;2024-01-13;2024-12-07;Wilsonborough
439322346;Reality Tournament;2024-01-25;2025-07-11;East Deborahmouth
99952628;Yard Tournament;2024-02-19;2025-10-03;Matthewton
970771525;Middle Tournament;2024-10-25;2025-01-05;Johnsonberg
716191150;Feeling Tournament;2024-05-04;2024-12-06;Chandlermouth
239553191;Us Tournament;2024-02-13;2025-04-23;Kimberlyburgh
999544259;Best Tournament;2024-08-13;2025-03-19;West Stacy
960692309;Street Tournament;2024-05-21;2025-03-17;East Marcstad
372346498;Total Tournament;2024-10-30;2025-11-08;Choihaven
398855707;Task Tournament;2024-06-07;2025-01-17;Kyletown
886278277;International Tournament;2024-02-26;2025-04-02;Stevefurt
758238557;Foreign Tournament;2024-10-20;2024-12-09;Hernandezville
313158745;Sport Tournament;2024-02-25;2025-03-12;West Michellehaven
575414576;Others Tournament;2024-10-27;2025-05-03;Bartlettfort
410611831;Poor Tournament;2024-06-26;2025-04-23;Josephstad
164546586;Center Tournament;2024-08-27;2025-04-05;Walkerfort
759951420;Give Tournament;2024-08-15;2025-11-13;Jamesbury
694017277;Left Tournament;2024-04-28;2025-02-17;Margaretland
875602292;So Tournament;2024-04-16;2025-07-02;South Curtischester
404836182;Technology Tournament;2024-10-13;2025-07-09;West Benjamin
729028598;Artist Tournament;2024-08-21;2025-02-22;New Nicholas
982453059;Himself Tournament;2024-04-29;2025-07-23;West Robertside
179023196;Story Tournament;2024-04-14;2025-01-08;Beasleyborough
935989679;However Tournament;2023-12-22;2025-01-19;South Patrick
155400177;Next Tournament;2024-03-26;2025-04-10;Marshallmouth
784186684;Glass Tournament;2024-04-25;2025-08-08;West Kylemouth
678146085;Social Tournament;2024-07-07;2025-08-18;Amberbury
857511168;Side Tournament;2024-10-28;2025-05-01;Lake Sharonchester
702394882;Central Tournament;2024-04-02;2025-09-29;South Erin
899450015;Town Tournament;2024-07-15;2025-03-04;Rollinsfort
30527346;Beautiful Tournament;2024-06-17;2025-10-02;Walkerhaven
375473593;Listen Tournament;2024-04-09;2025-09-04;Port Loganstad
520400191;Degree Tournament;2024-02-18;2025-06-15;Kennethborough
109289;Task Tournament;2024-02-12;2025-09-20;Port Patricia
682340942;Glass Tournament;2024-10-15;2025-02-27;East Samantha
597633924;Number Tournament;2024-08-19;2025-04-23;Millerport
874175945;Democrat Tournament;2023-12-01;2025-06-26;Tashamouth
330995716;Cover Tournament;2024-07-09;2025-09-01;South Michelleton
463956283;Pick Tournament;2024-02-22;2025-08-22;Emilyfurt
944109870;Some Tournament;2023-12-17;2025-08-25;South Jasmine
2137172;Work Tournament;2024-10-19;2025-04-29;Brownstad
1612460;Customer Tournament;2024-02-04;2025-01-21;North Jessica
812734174;At Tournament;2024-05-07;2025-04-25;Lake Brianfurt
392724767;Our Tournament;2024-08-16;2024-12-19;Barnesberg
178088561;Keep Tournament;2024-02-21;2025-11-07;Burkeport
573127223;Follow Tournament;2024-04-11;2025-04-18;West Mercedesburgh
603197177;Attorney Tournament;2023-12-24;2025-07-27;North Philipport
32927942;Director Tournament;2024-07-31;2025-09-25;Danieltown
106317497;Condition Tournament;2024-06-28;2025-03-04;South Taylor
425296250;Artist Tournament;2024-09-22;2025-06-12;Arthurchester
515691282;President Tournament;2024-11-13;2024-12-25;Davidville
927682285;Term Tournament;2024-05-21;2025-06-05;East Williamfurt
77674514;After Tournament;2024-07-28;2025-05-17;West Jamesside
775203779;Power Tournament;2024-04-19;2025-02-22;Justinbury
805760264;Hard Tournament;2024-06-14;2025-06-26;Michaelmouth
371143605;Full Tournament;2024-03-22;2025-06-15;North Davidstad
515754193;Success Tournament;2024-07-03;2025-08-12;Lake Andrew
126342210;Environment Tournament;2024-04-18;2025-09-17;New Tammy
371104701;Close Tournament;2023-11-29;2025-01-10;Norrisview
747546774;Situation Tournament;2023-11-26;2025-02-20;South Amy
281846417;Customer Tournament;2024-01-15;2025-10-29;East Tanya
827110488;Rather Tournament;2024-08-26;2024-12-23;West Jamiemouth
688574827;By Tournament;2024-04-01;2025-04-10;Williamberg
258951296;Body Tournament;2024-03-01;2025-03-29;Port Richardport
296280371;Middle Tournament;2024-02-27;2025-06-09;West Sheila
983418813;Mr Tournament;2023-12-09;2025-01-02;Port Tracy
453881807;Door Tournament;2024-06-14;2025-02-19;Gilbertmouth
473827231;Why Tournament;2024-08-17;2025-07-12;Lake Rachel
400869069;Something Tournament;2023-12-21;2025-07-07;Martintown
885209197;Answer Tournament;2023-12-24;2025-06-27;New Benjamin
977233910;Enjoy Tournament;2024-10-12;2025-03-05;Brandyside
239084498;Note Tournament;2024-02-25;2025-02-27;North Lisaton
502549299;Man Tournament;2024-08-25;2025-01-15;Port Seanfurt
186725614;Report Tournament;2024-06-29;2025-05-02;New Kristin
833738900;Participant Tournament;2024-06-01;2024-12-05;Fergusonshire
764439526;Force Tournament;2024-11-18;2025-02-28;North Marioburgh
565683983;Black Tournament;2024-11-21;2025-09-07;South Michael
613569960;Relate Tournament;2024-01-08;2025-06-13;Madisonville
321065940;There Tournament;2024-07-05;2025-03-07;Port Teresa
768043850;Physical Tournament;2023-12-20;2025-02-06;Butlerborough
456435741;Walk Tournament;2024-04-27;2025-10-03;Lopezside
934200996;No Tournament;2024-11-05;2024-12-06;Teresaburgh
307192631;Human Tournament;2024-06-13;2025-10-16;South Paulburgh
793847013;Begin Tournament;2024-09-28;2025-10-01;Cynthiaside
490255253;Talk Tournament;2024-07-03;2024-12-19;North Ivanhaven
58995046;Special Tournament;2024-03-13;2025-05-20;New Thomas
96539537;Affect Tournament;2024-02-02;2025-05-26;West Melinda
379633028;Job Tournament;2024-03-02;2024-12-16;Thompsonburgh
177449697;Science Tournament;2023-12-05;2025-08-16;Hollytown
653533431;Lawyer Tournament;2024-07-16;2024-12-15;East Michael
91969485;Tax Tournament;2024-11-12;2025-03-13;Port Cathy
911546200;Charge Tournament;2024-10-15;2024-12-26;West Colleenfurt
290204417;Mention Tournament;2024-04-20;2024-12-05;New Michael
9420923;Almost Tournament;2024-10-02;2025-08-13;Rogerchester
698144124;Several Tournament;2024-07-04;2025-08-01;Mcconnellport
268283921;After Tournament;2024-10-13;2025-05-26;Scottmouth
222517642;Conference Tournament;2023-12-01;2025-02-17;East Ronaldside
297625912;Ask Tournament;2024-09-27;2024-12-14;East Keith
763812824;Almost Tournament;2023-12-04;2025-09-04;East Anthony
979519843;Relate Tournament;2024-11-06;2025-08-19;West Josephshire
921962312;Heart Tournament;2024-03-23;2024-12-30;Debraland
409554270;Help Tournament;2024-01-29;2025-05-31;North Debra
76515733;Find Tournament;2024-02-20;2025-04-08;Karenside
252604675;More Tournament;2024-11-05;2025-01-27;Youngtown
424213075;Story Tournament;2024-01-11;2025-01-15;Sonyaberg
956966048;Point Tournament;2024-03-20;2025-02-11;Campbellton
79232997;Week Tournament;2024-08-13;2025-03-25;Jessicastad
771305403;Rate Tournament;2024-10-21;2024-12-19;West Robert
901317037;Significant Tournament;2024-04-30;2025-03-06;Mialand
561307492;Hold Tournament;2024-09-11;2025-05-10;West Tracy
193017509;City Tournament;2024-06-09;2025-05-02;East Jenniferview
883997454;Season Tournament;2024-04-30;2025-06-10;Jessicamouth
260844550;Should Tournament;2024-06-08;2025-01-30;Christopherland
861044643;Let Tournament;2024-09-04;2025-07-15;Lake Johnfort
633094317;Relationship Tournament;2024-09-12;2025-11-02;West Chelsea
209707071;Value Tournament;2024-10-27;2024-12-08;North Melissa
459991716;Find Tournament;2023-12-20;2025-03-10;Port Stephanie
394510867;Bag Tournament;2024-03-26;2025-08-01;East Jonathanmouth
59678058;Guy Tournament;2024-01-31;2025-09-26;Johnfurt
219515956;Represent Tournament;2024-08-15;2025-01-03;South William
934758412;Open Tournament;2024-05-23;2025-01-07;East Deborah
209240323;Phone Tournament;2024-07-30;2025-06-26;Tuckerville
209922873;Stop Tournament;2024-04-30;2025-01-03;New Patriciaside
274569592;Person Tournament;2024-09-15;2024-11-24;New Katherinemouth
818709789;Yes Tournament;2024-04-16;2025-08-12;New Malloryville
510543356;Training Tournament;2024-01-22;2025-03-01;Juliebury
379940384;Fill Tournament;2024-04-19;2025-01-16;Meaganberg
861134546;Serious Tournament;2024-04-20;2025-07-07;Stacychester
577606276;End Tournament;2024-11-04;2025-11-18;East Monica
259445644;Debate Tournament;2024-02-09;2025-07-23;South Ryan
903588830;Article Tournament;2023-12-04;2025-02-26;Lake Josephside
578892496;Plan Tournament;2024-06-15;2025-10-29;Allisonside
488377677;Theory Tournament;2023-12-12;2025-02-23;Port Anthony
154094630;Skin Tournament;2023-12-08;2025-11-06;New Cherylport
248277389;Network Tournament;2024-07-15;2025-10-02;Kendraberg
948036126;Month Tournament;2024-06-10;2025-09-22;Shaneborough
357029519;Save Tournament;2024-02-05;2025-07-09;Lake Deborah
100162168;Office Tournament;2024-10-29;2025-01-20;Lake Jennifer
139203257;Bed Tournament;2024-03-13;2025-01-23;South Deborah
576146015;Back Tournament;2024-05-10;2025-01-23;Lake Scott
88030694;Wait Tournament;2024-05-21;2025-03-24;South Miranda
485990500;Court Tournament;2024-04-26;2025-11-01;Port Tammy
725489785;Assume Tournament;2024-06-11;2025-10-07;Lake John
534360031;Court Tournament;2024-05-17;2025-07-11;East Matthewland
44219479;Case Tournament;2024-02-25;2025-06-11;South Eric
764683667;Someone Tournament;2024-10-13;2025-06-11;Hollystad
666278;Environment Tournament;2023-12-25;2024-11-23;East Ryan
452667734;Reality Tournament;2024-05-04;2025-01-12;Lake Phillipfort
177664096;Kid Tournament;2024-06-17;2025-11-08;Bentleyburgh
733767372;Audience Tournament;2024-04-19;2025-02-24;Jessicabury
282136598;Become Tournament;2024-03-23;2025-06-01;North Erika
928605097;Take Tournament;2024-07-27;2025-06-22;Pricefort
34903451;Decision Tournament;2024-04-10;2025-03-05;New Jordanville
240886640;Forget Tournament;2024-02-08;2025-09-29;Jimenezborough
371802482;Politics Tournament;2024-05-31;2025-06-07;South Cynthiaville
37339070;Measure Tournament;2024-05-11;2025-05-07;Port Rachel
283258746;Different Tournament;2024-02-29;2025-09-30;Bryanburgh
473811232;Speech Tournament;2024-07-20;2025-10-02;East Georgefurt
95404091;Adult Tournament;2024-05-21;2025-06-13;New Jasonfurt
636424319;Agency Tournament;2024-01-07;2025-05-01;New Jeromeburgh
23152323;Heart Tournament;2024-10-08;2025-09-13;Port Jamesville
643241494;Herself Tournament;2024-04-02;2025-03-20;South Alice
827866800;Start Tournament;2024-09-30;2025-09-23;New Cynthiastad
90256192;Certain Tournament;2024-04-19;2025-06-14;Williamstown
838228221;List Tournament;2024-06-29;2025-10-02;South Stephenview
196657670;Court Tournament;2024-01-06;2025-03-15;East Maryfort
489605484;Subject Tournament;2024-02-15;2025-03-13;Burnsfurt
464156614;Even Tournament;2024-05-22;2024-12-08;Nelsonburgh
158837689;This Tournament;2024-06-12;2025-06-16;Lake Daniel
421393989;Collection Tournament;2024-06-03;2025-02-25;Brianaberg
451061800;So Tournament;2024-02-24;2024-12-29;West Chad
554600033;Nice Tournament;2024-05-06;2025-06-27;West Eric
807026131;Foreign Tournament;2024-10-26;2025-06-21;Sandersborough
330703630;Nice Tournament;2024-05-07;2025-03-07;Whiteheadfurt
330002918;Much Tournament;2023-12-24;2025-09-01;South Johnfurt
378596636;Question Tournament;2024-09-04;2025-06-27;Johnsonmouth
713231663;Language Tournament;2024-05-27;2025-01-28;Joshuamouth
540991529;Pretty Tournament;2024-06-19;2025-04-04;Davidhaven
182996567;Watch Tournament;2024-06-21;2025-05-31;North Michaelburgh
419277482;Third Tournament;2024-03-11;2025-10-25;Anthonyville
766774450;Section Tournament;2023-12-12;2025-03-12;West Michaelfurt
397248537;Beat Tournament;2023-12-10;2025-09-16;North Jason
414175649;Ago Tournament;2024-11-01;2025-10-11;Crystalborough
714523801;Law Tournament;2024-10-29;2025-04-29;Kempberg
442479462;Her Tournament;2024-09-27;2025-11-07;Powellland
457189984;My Tournament;2024-07-09;2025-02-24;Emilychester
902417461;Nature Tournament;2024-07-17;2024-12-07;Hernandezborough
389166316;As Tournament;2024-06-21;2025-02-01;East Christina
321353595;Difference Tournament;2024-07-06;2025-11-20;New Michaelfort
280984401;Factor Tournament;2024-04-21;2025-03-12;Port Kimberlytown
421230188;Glass Tournament;2024-03-24;2025-03-15;North James
525650955;Ready Tournament;2024-09-18;2025-07-28;Fletcherstad
916915052;Hospital Tournament;2024-11-16;2025-01-12;Woodhaven
961590224;Central Tournament;2023-12-02;2025-03-30;South Lisa
396142303;When Tournament;2024-07-18;2025-08-18;South Marissa
744493436;Discuss Tournament;2024-11-20;2025-02-22;Williamsonburgh
21922568;And Tournament;2024-07-15;2025-09-23;South Michaelland
846400156;Receive Tournament;2024-07-26;2025-06-04;Griffithburgh
890238440;Eat Tournament;2024-09-26;2025-10-29;Robertchester
719153557;Effort Tournament;2023-12-04;2025-09-17;Maryhaven
966015047;Final Tournament;2024-01-14;2025-10-18;Boylemouth
879248338;Police Tournament;2024-07-30;2025-04-09;Rossside
64993659;Teacher Tournament;2024-04-26;2025-04-29;West Danielle
338730718;Market Tournament;2024-04-27;2025-09-16;Karenport
333469611;Owner Tournament;2024-01-02;2025-02-07;New Tanya
633555625;Only Tournament;2024-04-12;2025-05-12;Hernandezburgh
734678519;Figure Tournament;2024-08-19;2025-06-23;South Bradleyberg
741611942;Bank Tournament;2024-09-15;2025-08-06;Port Kathryn
